[{"pk": 53, "model": "tagging.tagtranslation", "fields": {"ml": "kids", "master": 37, "language_id": 1}}, {"pk": 31, "model": "tagging.tagtranslation", "fields": {"ml": "mountain", "master": 25, "language_id": 1}}, {"pk": 61, "model": "tagging.tagtranslation", "fields": {"ml": "wine", "master": 41, "language_id": 1}}, {"pk": 63, "model": "tagging.tagtranslation", "fields": {"ml": "wellness", "master": 42, "language_id": 1}}, {"pk": 65, "model": "tagging.tagtranslation", "fields": {"ml": "adventure", "master": 43, "language_id": 1}}, {"pk": 21, "model": "tagging.tagtranslation", "fields": {"ml": "nature", "master": 16, "language_id": 1}}, {"pk": 67, "model": "tagging.tagtranslation", "fields": {"ml": "sport", "master": 44, "language_id": 1}}, {"pk": 3, "model": "tagging.tagtranslation", "fields": {"ml": "community", "master": 7, "language_id": 1}}, {"pk": 39, "model": "tagging.tagtranslation", "fields": {"ml": "swimming", "master": 28, "language_id": 1}}, {"pk": 69, "model": "tagging.tagtranslation", "fields": {"ml": "cafe", "master": 45, "language_id": 1}}, {"pk": 33, "model": "tagging.tagtranslation", "fields": {"ml": "forest", "master": 24, "language_id": 1}}, {"pk": 7, "model": "tagging.tagtranslation", "fields": {"ml": "shopping", "master": 5, "language_id": 1}}, {"pk": 11, "model": "tagging.tagtranslation", "fields": {"ml": "nightlife", "master": 3, "language_id": 1}}, {"pk": 71, "model": "tagging.tagtranslation", "fields": {"ml": "cultural", "master": 47, "language_id": 1}}, {"pk": 35, "model": "tagging.tagtranslation", "fields": {"ml": "harbour", "master": 30, "language_id": 1}}, {"pk": 37, "model": "tagging.tagtranslation", "fields": {"ml": "surf", "master": 29, "language_id": 1}}, {"pk": 43, "model": "tagging.tagtranslation", "fields": {"ml": "beach", "master": 26, "language_id": 1}}, {"pk": 45, "model": "tagging.tagtranslation", "fields": {"ml": "music", "master": 32, "language_id": 1}}, {"pk": 29, "model": "tagging.tagtranslation", "fields": {"ml": "wildlife", "master": 20, "language_id": 1}}, {"pk": 51, "model": "tagging.tagtranslation", "fields": {"ml": "horse-riding", "master": 35, "language_id": 1}}, {"pk": 1, "model": "tagging.tagtranslation", "fields": {"ml": "restaurant", "master": 8, "language_id": 1}}, {"pk": 62, "model": "tagging.tagtranslation", "fields": {"ml": "vino", "master": 41, "language_id": 2}}, {"pk": 36, "model": "tagging.tagtranslation", "fields": {"ml": "il porto", "master": 30, "language_id": 2}}, {"pk": 38, "model": "tagging.tagtranslation", "fields": {"ml": "surf", "master": 29, "language_id": 2}}, {"pk": 40, "model": "tagging.tagtranslation", "fields": {"ml": "nuotare", "master": 28, "language_id": 2}}, {"pk": 30, "model": "tagging.tagtranslation", "fields": {"ml": "animali", "master": 20, "language_id": 2}}, {"pk": 2, "model": "tagging.tagtranslation", "fields": {"ml": "ristoranti", "master": 8, "language_id": 2}}, {"pk": 4, "model": "tagging.tagtranslation", "fields": {"ml": "popolazione", "master": 7, "language_id": 2}}, {"pk": 8, "model": "tagging.tagtranslation", "fields": {"ml": "negozi", "master": 5, "language_id": 2}}, {"pk": 12, "model": "tagging.tagtranslation", "fields": {"ml": "vita notturna", "master": 3, "language_id": 2}}, {"pk": 22, "model": "tagging.tagtranslation", "fields": {"ml": "natura", "master": 16, "language_id": 2}}, {"pk": 32, "model": "tagging.tagtranslation", "fields": {"ml": "montagna", "master": 25, "language_id": 2}}, {"pk": 54, "model": "tagging.tagtranslation", "fields": {"ml": "bambino", "master": 37, "language_id": 2}}, {"pk": 66, "model": "tagging.tagtranslation", "fields": {"ml": "adventure", "master": 43, "language_id": 2}}, {"pk": 70, "model": "tagging.tagtranslation", "fields": {"ml": "cafe", "master": 45, "language_id": 2}}, {"pk": 44, "model": "tagging.tagtranslation", "fields": {"ml": "spiaggia", "master": 26, "language_id": 2}}, {"pk": 72, "model": "tagging.tagtranslation", "fields": {"ml": "cultura", "master": 47, "language_id": 2}}, {"pk": 34, "model": "tagging.tagtranslation", "fields": {"ml": "foresta", "master": 24, "language_id": 2}}, {"pk": 46, "model": "tagging.tagtranslation", "fields": {"ml": "musica", "master": 32, "language_id": 2}}, {"pk": 68, "model": "tagging.tagtranslation", "fields": {"ml": "sport", "master": 44, "language_id": 2}}, {"pk": 64, "model": "tagging.tagtranslation", "fields": {"ml": "benessere", "master": 42, "language_id": 2}}, {"pk": 52, "model": "tagging.tagtranslation", "fields": {"ml": "cavalcare", "master": 35, "language_id": 2}}, {"pk": 3, "model": "tagging.tag", "fields": {"name": "nightlife"}}, {"pk": 43, "model": "tagging.tag", "fields": {"name": "adventure"}}, {"pk": 45, "model": "tagging.tag", "fields": {"name": "cafe"}}, {"pk": 47, "model": "tagging.tag", "fields": {"name": "cultural"}}, {"pk": 44, "model": "tagging.tag", "fields": {"name": "sport"}}, {"pk": 42, "model": "tagging.tag", "fields": {"name": "wellness"}}, {"pk": 41, "model": "tagging.tag", "fields": {"name": "wine"}}, {"pk": 37, "model": "tagging.tag", "fields": {"name": "kids"}}, {"pk": 35, "model": "tagging.tag", "fields": {"name": "horse-riding"}}, {"pk": 32, "model": "tagging.tag", "fields": {"name": "music"}}, {"pk": 30, "model": "tagging.tag", "fields": {"name": "harbour"}}, {"pk": 29, "model": "tagging.tag", "fields": {"name": "surf"}}, {"pk": 28, "model": "tagging.tag", "fields": {"name": "swimming"}}, {"pk": 26, "model": "tagging.tag", "fields": {"name": "beach"}}, {"pk": 25, "model": "tagging.tag", "fields": {"name": "mountain"}}, {"pk": 24, "model": "tagging.tag", "fields": {"name": "forest"}}, {"pk": 20, "model": "tagging.tag", "fields": {"name": "wildlife"}}, {"pk": 16, "model": "tagging.tag", "fields": {"name": "nature"}}, {"pk": 8, "model": "tagging.tag", "fields": {"name": "restaurant"}}, {"pk": 7, "model": "tagging.tag", "fields": {"name": "community"}}, {"pk": 5, "model": "tagging.tag", "fields": {"name": "shopping"}}, {"pk": 3, "model": "tagging.taggeditem", "fields": {"tag": 3, "object_id": 1, "content_type": 36}}, {"pk": 5, "model": "tagging.taggeditem", "fields": {"tag": 5, "object_id": 1, "content_type": 36}}, {"pk": 7, "model": "tagging.taggeditem", "fields": {"tag": 7, "object_id": 3, "content_type": 36}}, {"pk": 9, "model": "tagging.taggeditem", "fields": {"tag": 8, "object_id": 4, "content_type": 36}}, {"pk": 10, "model": "tagging.taggeditem", "fields": {"tag": 8, "object_id": 5, "content_type": 36}}, {"pk": 18, "model": "tagging.taggeditem", "fields": {"tag": 16, "object_id": 8, "content_type": 36}}, {"pk": 23, "model": "tagging.taggeditem", "fields": {"tag": 8, "object_id": 9, "content_type": 36}}, {"pk": 24, "model": "tagging.taggeditem", "fields": {"tag": 20, "object_id": 10, "content_type": 36}}, {"pk": 28, "model": "tagging.taggeditem", "fields": {"tag": 24, "object_id": 11, "content_type": 36}}, {"pk": 29, "model": "tagging.taggeditem", "fields": {"tag": 25, "object_id": 11, "content_type": 36}}, {"pk": 30, "model": "tagging.taggeditem", "fields": {"tag": 16, "object_id": 11, "content_type": 36}}, {"pk": 31, "model": "tagging.taggeditem", "fields": {"tag": 24, "object_id": 12, "content_type": 36}}, {"pk": 32, "model": "tagging.taggeditem", "fields": {"tag": 25, "object_id": 12, "content_type": 36}}, {"pk": 33, "model": "tagging.taggeditem", "fields": {"tag": 16, "object_id": 12, "content_type": 36}}, {"pk": 35, "model": "tagging.taggeditem", "fields": {"tag": 20, "object_id": 8, "content_type": 36}}, {"pk": 36, "model": "tagging.taggeditem", "fields": {"tag": 26, "object_id": 13, "content_type": 36}}, {"pk": 37, "model": "tagging.taggeditem", "fields": {"tag": 26, "object_id": 14, "content_type": 36}}, {"pk": 40, "model": "tagging.taggeditem", "fields": {"tag": 26, "object_id": 15, "content_type": 36}}, {"pk": 42, "model": "tagging.taggeditem", "fields": {"tag": 26, "object_id": 16, "content_type": 36}}, {"pk": 44, "model": "tagging.taggeditem", "fields": {"tag": 28, "object_id": 16, "content_type": 36}}, {"pk": 45, "model": "tagging.taggeditem", "fields": {"tag": 26, "object_id": 17, "content_type": 36}}, {"pk": 47, "model": "tagging.taggeditem", "fields": {"tag": 26, "object_id": 18, "content_type": 36}}, {"pk": 49, "model": "tagging.taggeditem", "fields": {"tag": 29, "object_id": 18, "content_type": 36}}, {"pk": 50, "model": "tagging.taggeditem", "fields": {"tag": 29, "object_id": 17, "content_type": 36}}, {"pk": 51, "model": "tagging.taggeditem", "fields": {"tag": 29, "object_id": 16, "content_type": 36}}, {"pk": 52, "model": "tagging.taggeditem", "fields": {"tag": 26, "object_id": 19, "content_type": 36}}, {"pk": 53, "model": "tagging.taggeditem", "fields": {"tag": 30, "object_id": 19, "content_type": 36}}, {"pk": 54, "model": "tagging.taggeditem", "fields": {"tag": 26, "object_id": 20, "content_type": 36}}, {"pk": 56, "model": "tagging.taggeditem", "fields": {"tag": 29, "object_id": 20, "content_type": 36}}, {"pk": 57, "model": "tagging.taggeditem", "fields": {"tag": 26, "object_id": 21, "content_type": 36}}, {"pk": 59, "model": "tagging.taggeditem", "fields": {"tag": 29, "object_id": 21, "content_type": 36}}, {"pk": 60, "model": "tagging.taggeditem", "fields": {"tag": 20, "object_id": 22, "content_type": 36}}, {"pk": 61, "model": "tagging.taggeditem", "fields": {"tag": 26, "object_id": 22, "content_type": 36}}, {"pk": 62, "model": "tagging.taggeditem", "fields": {"tag": 20, "object_id": 23, "content_type": 36}}, {"pk": 63, "model": "tagging.taggeditem", "fields": {"tag": 24, "object_id": 23, "content_type": 36}}, {"pk": 64, "model": "tagging.taggeditem", "fields": {"tag": 25, "object_id": 23, "content_type": 36}}, {"pk": 67, "model": "tagging.taggeditem", "fields": {"tag": 32, "object_id": 24, "content_type": 36}}, {"pk": 70, "model": "tagging.taggeditem", "fields": {"tag": 20, "object_id": 25, "content_type": 36}}, {"pk": 72, "model": "tagging.taggeditem", "fields": {"tag": 35, "object_id": 26, "content_type": 36}}, {"pk": 73, "model": "tagging.taggeditem", "fields": {"tag": 20, "object_id": 26, "content_type": 36}}, {"pk": 74, "model": "tagging.taggeditem", "fields": {"tag": 8, "object_id": 24, "content_type": 36}}, {"pk": 75, "model": "tagging.taggeditem", "fields": {"tag": 8, "object_id": 26, "content_type": 36}}, {"pk": 76, "model": "tagging.taggeditem", "fields": {"tag": 26, "object_id": 27, "content_type": 36}}, {"pk": 77, "model": "tagging.taggeditem", "fields": {"tag": 20, "object_id": 27, "content_type": 36}}, {"pk": 78, "model": "tagging.taggeditem", "fields": {"tag": 30, "object_id": 28, "content_type": 36}}, {"pk": 81, "model": "tagging.taggeditem", "fields": {"tag": 5, "object_id": 28, "content_type": 36}}, {"pk": 82, "model": "tagging.taggeditem", "fields": {"tag": 28, "object_id": 29, "content_type": 36}}, {"pk": 83, "model": "tagging.taggeditem", "fields": {"tag": 28, "object_id": 30, "content_type": 36}}, {"pk": 84, "model": "tagging.taggeditem", "fields": {"tag": 8, "object_id": 31, "content_type": 36}}, {"pk": 85, "model": "tagging.taggeditem", "fields": {"tag": 41, "object_id": 31, "content_type": 36}}, {"pk": 86, "model": "tagging.taggeditem", "fields": {"tag": 8, "object_id": 32, "content_type": 36}}, {"pk": 87, "model": "tagging.taggeditem", "fields": {"tag": 42, "object_id": 32, "content_type": 36}}, {"pk": 88, "model": "tagging.taggeditem", "fields": {"tag": 41, "object_id": 32, "content_type": 36}}, {"pk": 89, "model": "tagging.taggeditem", "fields": {"tag": 8, "object_id": 33, "content_type": 36}}, {"pk": 90, "model": "tagging.taggeditem", "fields": {"tag": 44, "object_id": 33, "content_type": 36}}, {"pk": 91, "model": "tagging.taggeditem", "fields": {"tag": 42, "object_id": 33, "content_type": 36}}, {"pk": 92, "model": "tagging.taggeditem", "fields": {"tag": 41, "object_id": 33, "content_type": 36}}, {"pk": 93, "model": "tagging.taggeditem", "fields": {"tag": 8, "object_id": 34, "content_type": 36}}, {"pk": 94, "model": "tagging.taggeditem", "fields": {"tag": 41, "object_id": 34, "content_type": 36}}, {"pk": 95, "model": "tagging.taggeditem", "fields": {"tag": 8, "object_id": 35, "content_type": 36}}, {"pk": 96, "model": "tagging.taggeditem", "fields": {"tag": 41, "object_id": 35, "content_type": 36}}, {"pk": 97, "model": "tagging.taggeditem", "fields": {"tag": 3, "object_id": 24, "content_type": 36}}, {"pk": 98, "model": "tagging.taggeditem", "fields": {"tag": 3, "object_id": 28, "content_type": 36}}, {"pk": 99, "model": "tagging.taggeditem", "fields": {"tag": 8, "object_id": 28, "content_type": 36}}, {"pk": 100, "model": "tagging.taggeditem", "fields": {"tag": 41, "object_id": 36, "content_type": 36}}, {"pk": 101, "model": "tagging.taggeditem", "fields": {"tag": 41, "object_id": 37, "content_type": 36}}, {"pk": 102, "model": "tagging.taggeditem", "fields": {"tag": 8, "object_id": 38, "content_type": 36}}, {"pk": 103, "model": "tagging.taggeditem", "fields": {"tag": 41, "object_id": 38, "content_type": 36}}, {"pk": 104, "model": "tagging.taggeditem", "fields": {"tag": 41, "object_id": 39, "content_type": 36}}, {"pk": 105, "model": "tagging.taggeditem", "fields": {"tag": 8, "object_id": 40, "content_type": 36}}, {"pk": 106, "model": "tagging.taggeditem", "fields": {"tag": 41, "object_id": 40, "content_type": 36}}, {"pk": 107, "model": "tagging.taggeditem", "fields": {"tag": 25, "object_id": 41, "content_type": 36}}, {"pk": 108, "model": "tagging.taggeditem", "fields": {"tag": 16, "object_id": 41, "content_type": 36}}, {"pk": 110, "model": "tagging.taggeditem", "fields": {"tag": 20, "object_id": 41, "content_type": 36}}, {"pk": 111, "model": "tagging.taggeditem", "fields": {"tag": 25, "object_id": 42, "content_type": 36}}, {"pk": 112, "model": "tagging.taggeditem", "fields": {"tag": 8, "object_id": 41, "content_type": 36}}, {"pk": 113, "model": "tagging.taggeditem", "fields": {"tag": 44, "object_id": 43, "content_type": 36}}, {"pk": 114, "model": "tagging.taggeditem", "fields": {"tag": 47, "object_id": 44, "content_type": 36}}, {"pk": 115, "model": "tagging.taggeditem", "fields": {"tag": 47, "object_id": 45, "content_type": 36}}, {"pk": 116, "model": "tagging.taggeditem", "fields": {"tag": 32, "object_id": 45, "content_type": 36}}, {"pk": 117, "model": "tagging.taggeditem", "fields": {"tag": 16, "object_id": 45, "content_type": 36}}, {"pk": 118, "model": "tagging.taggeditem", "fields": {"tag": 44, "object_id": 46, "content_type": 36}}, {"pk": 119, "model": "tagging.taggeditem", "fields": {"tag": 26, "object_id": 47, "content_type": 36}}, {"pk": 121, "model": "tagging.taggeditem", "fields": {"tag": 32, "object_id": 49, "content_type": 36}}, {"pk": 123, "model": "tagging.taggeditem", "fields": {"tag": 8, "object_id": 49, "content_type": 36}}, {"pk": 124, "model": "tagging.taggeditem", "fields": {"tag": 3, "object_id": 49, "content_type": 36}}, {"pk": 125, "model": "tagging.taggeditem", "fields": {"tag": 47, "object_id": 50, "content_type": 36}}, {"pk": 126, "model": "tagging.taggeditem", "fields": {"tag": 47, "object_id": 51, "content_type": 36}}, {"pk": 127, "model": "tagging.taggeditem", "fields": {"tag": 35, "object_id": 52, "content_type": 36}}, {"pk": 128, "model": "tagging.taggeditem", "fields": {"tag": 30, "object_id": 53, "content_type": 36}}, {"pk": 129, "model": "tagging.taggeditem", "fields": {"tag": 26, "object_id": 54, "content_type": 36}}, {"pk": 130, "model": "tagging.taggeditem", "fields": {"tag": 47, "object_id": 54, "content_type": 36}}, {"pk": 131, "model": "tagging.taggeditem", "fields": {"tag": 30, "object_id": 54, "content_type": 36}}, {"pk": 132, "model": "tagging.taggeditem", "fields": {"tag": 47, "object_id": 55, "content_type": 36}}, {"pk": 133, "model": "tagging.taggeditem", "fields": {"tag": 47, "object_id": 56, "content_type": 36}}, {"pk": 134, "model": "tagging.taggeditem", "fields": {"tag": 8, "object_id": 57, "content_type": 36}}, {"pk": 135, "model": "tagging.taggeditem", "fields": {"tag": 8, "object_id": 58, "content_type": 36}}, {"pk": 136, "model": "tagging.taggeditem", "fields": {"tag": 24, "object_id": 59, "content_type": 36}}, {"pk": 137, "model": "tagging.taggeditem", "fields": {"tag": 25, "object_id": 59, "content_type": 36}}, {"pk": 138, "model": "tagging.taggeditem", "fields": {"tag": 16, "object_id": 59, "content_type": 36}}, {"pk": 139, "model": "tagging.taggeditem", "fields": {"tag": 35, "object_id": 60, "content_type": 36}}, {"pk": 140, "model": "tagging.taggeditem", "fields": {"tag": 8, "object_id": 60, "content_type": 36}}, {"pk": 141, "model": "tagging.taggeditem", "fields": {"tag": 5, "object_id": 60, "content_type": 36}}, {"pk": 142, "model": "tagging.taggeditem", "fields": {"tag": 20, "object_id": 60, "content_type": 36}}, {"pk": 143, "model": "tagging.taggeditem", "fields": {"tag": 41, "object_id": 60, "content_type": 36}}, {"pk": 144, "model": "tagging.taggeditem", "fields": {"tag": 8, "object_id": 61, "content_type": 36}}, {"pk": 145, "model": "tagging.taggeditem", "fields": {"tag": 42, "object_id": 61, "content_type": 36}}, {"pk": 146, "model": "tagging.taggeditem", "fields": {"tag": 41, "object_id": 61, "content_type": 36}}, {"pk": 148, "model": "tagging.taggeditem", "fields": {"tag": 32, "object_id": 62, "content_type": 36}}, {"pk": 150, "model": "tagging.taggeditem", "fields": {"tag": 8, "object_id": 62, "content_type": 36}}, {"pk": 151, "model": "tagging.taggeditem", "fields": {"tag": 32, "object_id": 5, "content_type": 36}}, {"pk": 152, "model": "tagging.taggeditem", "fields": {"tag": 3, "object_id": 5, "content_type": 36}}, {"pk": 153, "model": "tagging.taggeditem", "fields": {"tag": 28, "object_id": 5, "content_type": 36}}, {"pk": 154, "model": "tagging.taggeditem", "fields": {"tag": 3, "object_id": 62, "content_type": 36}}, {"pk": 155, "model": "tagging.taggeditem", "fields": {"tag": 32, "object_id": 63, "content_type": 36}}, {"pk": 156, "model": "tagging.taggeditem", "fields": {"tag": 3, "object_id": 63, "content_type": 36}}, {"pk": 157, "model": "tagging.taggeditem", "fields": {"tag": 8, "object_id": 63, "content_type": 36}}, {"pk": 158, "model": "tagging.taggeditem", "fields": {"tag": 47, "object_id": 64, "content_type": 36}}, {"pk": 159, "model": "tagging.taggeditem", "fields": {"tag": 8, "object_id": 65, "content_type": 36}}, {"pk": 160, "model": "tagging.taggeditem", "fields": {"tag": 41, "object_id": 65, "content_type": 36}}, {"pk": 161, "model": "tagging.taggeditem", "fields": {"tag": 8, "object_id": 66, "content_type": 36}}, {"pk": 162, "model": "tagging.taggeditem", "fields": {"tag": 8, "object_id": 67, "content_type": 36}}, {"pk": 163, "model": "tagging.taggeditem", "fields": {"tag": 8, "object_id": 68, "content_type": 36}}, {"pk": 164, "model": "tagging.taggeditem", "fields": {"tag": 42, "object_id": 68, "content_type": 36}}]
